recno,Name,OName,RAJ2000,DEJ2000,plx,e_plx,pmX,e_pmX,pmY,e_pmY,VLSR,e_VLSR,Arm,Ref,SimbadName,dec,ra
2,G339.88-01.25,,16 52 04.6776,-46 08 34.404,0.48,0.08,-1.6,0.52,-1.9,0.52,-34,3,http://vizier.u-strasbg.fr/viz-bin/VizieR?-6N&-info=XML&-out.add=.&&lt;&quot;Note&quot;&catid=18850131&notid=4&-out.emph=%-3s,http://vizier.u-strasbg.fr/viz-bin/VizieR-4?-info=XML&-out.add=.&-source=J/ApJ/885/131/refs&Ref=%-11s,[RMB2014] G339.88-01.25,-46.14289,253.01948999999996
3,G348.70-01.04,,17 20 04.0360,-38 58 30.920,0.296,0.026,-0.73,0.31,-2.83,0.59,-9,5,http://vizier.u-strasbg.fr/viz-bin/VizieR?-6N&-info=XML&-out.add=.&&lt;&quot;Note&quot;&catid=18850131&notid=4&-out.emph=%-3s,http://vizier.u-strasbg.fr/viz-bin/VizieR-4?-info=XML&-out.add=.&-source=J/ApJ/885/131/refs&Ref=%-11s,[RMB2014] G348.70-01.04,-38.975255555555556,260.0168166666666
5,G359.13+00.03,,17 43 25.6109,-29 39 17.551,0.165,0.031,-3.98,0.36,-6.5,0.79,-1,10,http://vizier.u-strasbg.fr/viz-bin/VizieR?-6N&-info=XML&-out.add=.&&lt;&quot;Note&quot;&catid=18850131&notid=4&-out.emph=%-3s,http://vizier.u-strasbg.fr/viz-bin/VizieR-4?-info=XML&-out.add=.&-source=J/ApJ/885/131/refs&Ref=%-11s,[RMB2014] G359.13+00.03,-29.654875277777776,265.8567120833333
7,G359.93-00.14,,17 46 01.9183,-29 03 58.674,0.181,0.029,-1.33,0.44,-1.8,0.78,-10,10,http://vizier.u-strasbg.fr/viz-bin/VizieR?-6N&-info=XML&-out.add=.&&lt;&quot;Note&quot;&catid=18850131&notid=4&-out.emph=%-3s,http://vizier.u-strasbg.fr/viz-bin/VizieR-4?-info=XML&-out.add=.&-source=J/ApJ/885/131/refs&Ref=%-11s,[RMB2014] G359.93-00.14,-29.06629833333333,266.50799291666664
10,G000.67-00.03,SgrB2,17 47 20.0000,-28 22 40.000,0.129,0.012,-0.78,0.4,-4.26,0.4,62,5,http://vizier.u-strasbg.fr/viz-bin/VizieR?-6N&-info=XML&-out.add=.&&lt;&quot;Note&quot;&catid=18850131&notid=4&-out.emph=%-3s,http://vizier.u-strasbg.fr/viz-bin/VizieR-4?-info=XML&-out.add=.&-source=J/ApJ/885/131/refs&Ref=%-11s,[RMB2014] G000.67-00.03,-28.377777777777776,266.8333333333333
15,G006.79-00.25,,18 01 57.7525,-23 12 34.245,0.288,0.021,-0.3,0.3,-1.3,0.31,22,5,http://vizier.u-strasbg.fr/viz-bin/VizieR?-6N&-info=XML&-out.add=.&&lt;&quot;Note&quot;&catid=18850131&notid=4&-out.emph=%-3s,http://vizier.u-strasbg.fr/viz-bin/VizieR-4?-info=XML&-out.add=.&-source=J/ApJ/885/131/refs&Ref=%-11s,[RMB2014] G006.79-00.25,-23.2095125,270.4906354166667
16,G007.47+00.05,,18 02 13.1823,-22 27 58.981,0.049,0.006,-2.43,0.1,-4.43,0.16,-14,10,http://vizier.u-strasbg.fr/viz-bin/VizieR?-6N&-info=XML&-out.add=.&&lt;&quot;Note&quot;&catid=18850131&notid=4&-out.emph=%-3s,http://vizier.u-strasbg.fr/viz-bin/VizieR-4?-info=XML&-out.add=.&-source=J/ApJ/885/131/refs&Ref=%-11s,[RMB2014] G007.47+00.05,-22.466383611111112,270.55492625
20,G010.32-00.15,,18 09 01.4549,-20 05 07.854,0.343,0.035,-1.03,0.36,-2.42,0.5,10,5,http://vizier.u-strasbg.fr/viz-bin/VizieR?-6N&-info=XML&-out.add=.&&lt;&quot;Note&quot;&catid=18850131&notid=4&-out.emph=%-3s,http://vizier.u-strasbg.fr/viz-bin/VizieR-4?-info=XML&-out.add=.&-source=J/ApJ/885/131/refs&Ref=%-11s,[RMB2014] G010.32-00.15,-20.085515,272.25606208333335
21,G010.47+00.02,,18 08 38.2290,-19 51 50.262,0.117,0.008,-3.86,0.19,-6.4,0.14,69,5,http://vizier.u-strasbg.fr/viz-bin/VizieR?-6N&-info=XML&-out.add=.&&lt;&quot;Note&quot;&catid=18850131&notid=4&-out.emph=%-3s,http://vizier.u-strasbg.fr/viz-bin/VizieR-4?-info=XML&-out.add=.&-source=J/ApJ/885/131/refs&Ref=%-11s,[RMB2014] G010.47+00.02,-19.86396166666667,272.15928750000006
23,G010.62-00.38,,18 10 28.5628,-19 55 48.738,0.202,0.019,-0.37,0.5,-0.6,0.25,-3,5,http://vizier.u-strasbg.fr/viz-bin/VizieR?-6N&-info=XML&-out.add=.&&lt;&quot;Note&quot;&catid=18850131&notid=4&-out.emph=%-3s,http://vizier.u-strasbg.fr/viz-bin/VizieR-4?-info=XML&-out.add=.&-source=J/ApJ/885/131/refs&Ref=%-11s,[RMB2014] G010.62-00.38,-19.930205,272.6190116666666
24,G011.10-00.11,,18 10 28.2470,-19 22 30.216,0.246,0.014,-0.23,0.38,-2.01,0.41,29,5,http://vizier.u-strasbg.fr/viz-bin/VizieR?-6N&-info=XML&-out.add=.&&lt;&quot;Note&quot;&catid=18850131&notid=4&-out.emph=%-3s,http://vizier.u-strasbg.fr/viz-bin/VizieR-4?-info=XML&-out.add=.&-source=J/ApJ/885/131/refs&Ref=%-11s,[RMB2014] G011.10-00.11,-19.37506,272.6176958333333
27,G012.02-00.03,,18 12 01.8400,-18 31 55.800,0.106,0.008,-4.11,0.11,-7.76,0.28,108,5,http://vizier.u-strasbg.fr/viz-bin/VizieR?-6N&-info=XML&-out.add=.&&lt;&quot;Note&quot;&catid=18850131&notid=4&-out.emph=%-3s,http://vizier.u-strasbg.fr/viz-bin/VizieR-4?-info=XML&-out.add=.&-source=J/ApJ/885/131/refs&Ref=%-11s,[RMB2014] G012.02-00.03,-18.532166666666665,273.00766666666664
28,G012.68-00.18,W33B,18 13 54.7457,-18 01 46.588,0.416,0.028,-1.0,0.95,-2.85,0.95,58,10,http://vizier.u-strasbg.fr/viz-bin/VizieR?-6N&-info=XML&-out.add=.&&lt;&quot;Note&quot;&catid=18850131&notid=4&-out.emph=%-3s,http://vizier.u-strasbg.fr/viz-bin/VizieR-4?-info=XML&-out.add=.&-source=J/ApJ/885/131/refs&Ref=%-11s,[RMB2014] G012.68-00.18,-18.029607777777777,273.4781070833333
29,G012.81-00.19,W33M,18 14 14.0600,-17 55 11.300,0.343,0.037,-0.4,0.7,-0.25,0.7,34,5,http://vizier.u-strasbg.fr/viz-bin/VizieR?-6N&-info=XML&-out.add=.&&lt;&quot;Note&quot;&catid=18850131&notid=4&-out.emph=%-3s,http://vizier.u-strasbg.fr/viz-bin/VizieR-4?-info=XML&-out.add=.&-source=J/ApJ/885/131/refs&Ref=%-11s,[RMB2014] G012.81-00.19,-17.919805555555556,273.55858333333333
32,G012.90-00.26,W33A,18 14 39.5714,-17 52 00.382,0.396,0.032,-0.36,0.4,-2.22,0.4,37,5,http://vizier.u-strasbg.fr/viz-bin/VizieR?-6N&-info=XML&-out.add=.&&lt;&quot;Note&quot;&catid=18850131&notid=4&-out.emph=%-3s,http://vizier.u-strasbg.fr/viz-bin/VizieR-4?-info=XML&-out.add=.&-source=J/ApJ/885/131/refs&Ref=%-11s,[RMB2014] G012.90-00.26,-17.86677277777778,273.66488083333337
33,G013.71-00.08,,18 15 36.9814,-17 04 32.108,0.264,0.014,-0.29,0.28,-2.16,0.29,44,5,http://vizier.u-strasbg.fr/viz-bin/VizieR?-6N&-info=XML&-out.add=.&&lt;&quot;Note&quot;&catid=18850131&notid=4&-out.emph=%-3s,http://vizier.u-strasbg.fr/viz-bin/VizieR-4?-info=XML&-out.add=.&-source=J/ApJ/885/131/refs&Ref=%-11s,[RMB2014] G013.71-00.08,-17.075585555555556,273.90408916666667
34,G013.87+00.28,,18 14 35.8356,-16 45 35.869,0.254,0.024,-0.25,2.0,-2.49,2.0,48,10,http://vizier.u-strasbg.fr/viz-bin/VizieR?-6N&-info=XML&-out.add=.&&lt;&quot;Note&quot;&catid=18850131&notid=4&-out.emph=%-3s,http://vizier.u-strasbg.fr/viz-bin/VizieR-4?-info=XML&-out.add=.&-source=J/ApJ/885/131/refs&Ref=%-11s,[RMB2014] G013.87+00.28,-16.75996361111111,273.649315
38,G015.66-00.49,,18 20 59.7470,-15 33 09.800,0.22,0.029,-1.16,0.24,-5.3,0.3,-4,5,http://vizier.u-strasbg.fr/viz-bin/VizieR?-6N&-info=XML&-out.add=.&&lt;&quot;Note&quot;&catid=18850131&notid=4&-out.emph=%-3s,http://vizier.u-strasbg.fr/viz-bin/VizieR-4?-info=XML&-out.add=.&-source=J/ApJ/885/131/refs&Ref=%-11s,[RMB2014] G015.66-00.49,-15.552722222222222,275.2489458333333
39,G016.58-00.05,,18 21 09.0840,-14 31 48.556,0.279,0.023,-1.13,0.34,-2.59,0.35,60,5,http://vizier.u-strasbg.fr/viz-bin/VizieR?-6N&-info=XML&-out.add=.&&lt;&quot;Note&quot;&catid=18850131&notid=4&-out.emph=%-3s,http://vizier.u-strasbg.fr/viz-bin/VizieR-4?-info=XML&-out.add=.&-source=J/ApJ/885/131/refs&Ref=%-11s,[RMB2014] G016.58-00.05,-14.530154444444447,275.28785000000005
42,G017.55-00.12,IRC-10414,18 23 17.9084,-13 42 47.146,0.497,0.038,-0.04,1.04,-2.01,1.04,44,10,http://vizier.u-strasbg.fr/viz-bin/VizieR?-6N&-info=XML&-out.add=.&&lt;&quot;Note&quot;&catid=18850131&notid=4&-out.emph=%-3s,http://vizier.u-strasbg.fr/viz-bin/VizieR-4?-info=XML&-out.add=.&-source=J/ApJ/885/131/refs&Ref=%-11s,[RMB2014] G017.55-00.12,-13.713096111111112,275.8246183333334
43,G017.63+00.15,,18 22 26.3821,-13 30 11.951,0.669,0.019,-0.26,1.41,-1.53,1.41,25,10,http://vizier.u-strasbg.fr/viz-bin/VizieR?-6N&-info=XML&-out.add=.&&lt;&quot;Note&quot;&catid=18850131&notid=4&-out.emph=%-3s,http://vizier.u-strasbg.fr/viz-bin/VizieR-4?-info=XML&-out.add=.&-source=J/ApJ/885/131/refs&Ref=%-11s,[RMB2014] G017.63+00.15,-13.503319722222223,275.60992541666667
44,G018.34+01.76,,18 17 58.1254,-12 07 24.893,0.5,0.019,-0.32,0.53,-1.99,0.76,28,3,http://vizier.u-strasbg.fr/viz-bin/VizieR?-6N&-info=XML&-out.add=.&&lt;&quot;Note&quot;&catid=18850131&notid=4&-out.emph=%-3s,http://vizier.u-strasbg.fr/viz-bin/VizieR-4?-info=XML&-out.add=.&-source=J/ApJ/885/131/refs&Ref=%-11s,[RMB2014] G018.34+01.76,-12.123581388888889,274.49218916666666
45,G018.87+00.05,,18 25 11.3530,-12 27 36.546,0.297,0.049,-0.17,0.32,-1.9,0.37,39,3,http://vizier.u-strasbg.fr/viz-bin/VizieR?-6N&-info=XML&-out.add=.&&lt;&quot;Note&quot;&catid=18850131&notid=4&-out.emph=%-3s,http://vizier.u-strasbg.fr/viz-bin/VizieR-4?-info=XML&-out.add=.&-source=J/ApJ/885/131/refs&Ref=%-11s,[RMB2014] G018.87+00.05,-12.460151666666667,276.2973041666667
47,G019.36-00.03,,18 26 25.7796,-12 03 53.267,0.352,0.069,-1.12,0.38,-2.5,0.46,27,3,http://vizier.u-strasbg.fr/viz-bin/VizieR?-6N&-info=XML&-out.add=.&&lt;&quot;Note&quot;&catid=18850131&notid=4&-out.emph=%-3s,http://vizier.u-strasbg.fr/viz-bin/VizieR-4?-info=XML&-out.add=.&-source=J/ApJ/885/131/refs&Ref=%-11s,[RMB2014] G019.36-00.03,-12.064796388888889,276.607415
50,G023.00-00.41,,18 34 40.2800,-09 00 38.360,0.205,0.015,-1.72,0.22,-4.12,0.37,79,5,http://vizier.u-strasbg.fr/viz-bin/VizieR?-6N&-info=XML&-out.add=.&&lt;&quot;Note&quot;&catid=18850131&notid=4&-out.emph=%-3s,http://vizier.u-strasbg.fr/viz-bin/VizieR-4?-info=XML&-out.add=.&-source=J/ApJ/885/131/refs&Ref=%-11s,[RMB2014] G023.00-00.41,-9.010655555555555,278.66783333333336
51,G023.20-00.37,,18 34 55.1794,-08 49 15.206,0.239,0.034,-1.45,0.5,-3.4,0.51,82,10,http://vizier.u-strasbg.fr/viz-bin/VizieR?-6N&-info=XML&-out.add=.&&lt;&quot;Note&quot;&catid=18850131&notid=4&-out.emph=%-3s,http://vizier.u-strasbg.fr/viz-bin/VizieR-4?-info=XML&-out.add=.&-source=J/ApJ/885/131/refs&Ref=%-11s,[RMB2014] G023.20-00.37,-8.820890555555556,278.7299141666666
53,G023.38+00.18,,18 33 14.3240,-08 23 57.500,0.208,0.025,-1.57,0.23,-3.92,0.26,75,3,http://vizier.u-strasbg.fr/viz-bin/VizieR?-6N&-info=XML&-out.add=.&&lt;&quot;Note&quot;&catid=18850131&notid=4&-out.emph=%-3s,http://vizier.u-strasbg.fr/viz-bin/VizieR-4?-info=XML&-out.add=.&-source=J/ApJ/885/131/refs&Ref=%-11s,[RMB2014] G023.38+00.18,-8.399305555555555,278.30968333333334
54,G023.43-00.18,,18 34 39.1870,-08 31 25.405,0.17,0.032,-1.93,0.15,-4.11,0.13,97,3,http://vizier.u-strasbg.fr/viz-bin/VizieR?-6N&-info=XML&-out.add=.&&lt;&quot;Note&quot;&catid=18850131&notid=4&-out.emph=%-3s,http://vizier.u-strasbg.fr/viz-bin/VizieR-4?-info=XML&-out.add=.&-source=J/ApJ/885/131/refs&Ref=%-11s,[RMB2014] G023.43-00.18,-8.52372361111111,278.66327916666665
55,G023.65-00.12,,18 34 51.5650,-08 18 21.305,0.313,0.039,-1.32,0.2,-2.96,0.2,81,3,http://vizier.u-strasbg.fr/viz-bin/VizieR?-6N&-info=XML&-out.add=.&&lt;&quot;Note&quot;&catid=18850131&notid=4&-out.emph=%-3s,http://vizier.u-strasbg.fr/viz-bin/VizieR-4?-info=XML&-out.add=.&-source=J/ApJ/885/131/refs&Ref=%-11s,[RMB2014] G023.65-00.12,-8.305918055555555,278.71485416666667
56,G023.70-00.19,,18 35 12.3610,-08 17 39.530,0.161,0.024,-3.17,0.18,-6.38,0.21,73,5,http://vizier.u-strasbg.fr/viz-bin/VizieR?-6N&-info=XML&-out.add=.&&lt;&quot;Note&quot;&catid=18850131&notid=4&-out.emph=%-3s,http://vizier.u-strasbg.fr/viz-bin/VizieR-4?-info=XML&-out.add=.&-source=J/ApJ/885/131/refs&Ref=%-11s,[RMB2014] G023.70-00.19,-8.294313888888889,278.8015041666667
57,G024.63-00.32,,18 37 22.7091,-07 31 42.093,0.242,0.045,-0.31,0.27,-2.73,0.3,43,5,http://vizier.u-strasbg.fr/viz-bin/VizieR?-6N&-info=XML&-out.add=.&&lt;&quot;Note&quot;&catid=18850131&notid=4&-out.emph=%-3s,http://vizier.u-strasbg.fr/viz-bin/VizieR-4?-info=XML&-out.add=.&-source=J/ApJ/885/131/refs&Ref=%-11s,[RMB2014] G024.63-00.32,-7.528359166666667,279.34462125
58,G024.78+00.08,,18 36 12.5614,-07 12 10.840,0.15,0.016,-2.62,0.16,-5.08,0.2,111,3,http://vizier.u-strasbg.fr/viz-bin/VizieR?-6N&-info=XML&-out.add=.&&lt;&quot;Note&quot;&catid=18850131&notid=4&-out.emph=%-3s,http://vizier.u-strasbg.fr/viz-bin/VizieR-4?-info=XML&-out.add=.&-source=J/ApJ/885/131/refs&Ref=%-11s,[RMB2014] G024.78+00.08,-7.2030111111111115,279.0523391666667
59,G024.85+00.08,,18 36 18.3867,-07 08 50.834,0.176,0.016,-2.42,0.19,-5.23,0.26,111,5,http://vizier.u-strasbg.fr/viz-bin/VizieR?-6N&-info=XML&-out.add=.&&lt;&quot;Note&quot;&catid=18850131&notid=4&-out.emph=%-3s,http://vizier.u-strasbg.fr/viz-bin/VizieR-4?-info=XML&-out.add=.&-source=J/ApJ/885/131/refs&Ref=%-11s,[RMB2014] G024.85+00.08,-7.147453888888889,279.07661125
62,G028.14-00.00,,18 42 42.5896,-04 15 35.128,0.158,0.023,-2.11,0.17,-4.85,0.17,100,5,http://vizier.u-strasbg.fr/viz-bin/VizieR?-6N&-info=XML&-out.add=.&&lt;&quot;Note&quot;&catid=18850131&notid=4&-out.emph=%-3s,http://vizier.u-strasbg.fr/viz-bin/VizieR-4?-info=XML&-out.add=.&-source=J/ApJ/885/131/refs&Ref=%-11s,[RMB2014] G028.14-00.00,-4.259757777777778,280.67745666666667
63,G028.30-00.38,,18 44 21.9666,-04 17 39.904,0.221,0.022,-1.62,0.23,-3.97,0.23,87,5,http://vizier.u-strasbg.fr/viz-bin/VizieR?-6N&-info=XML&-out.add=.&&lt;&quot;Note&quot;&catid=18850131&notid=4&-out.emph=%-3s,http://vizier.u-strasbg.fr/viz-bin/VizieR-4?-info=XML&-out.add=.&-source=J/ApJ/885/131/refs&Ref=%-11s,[RMB2014] G028.30-00.38,-4.2944177777777774,281.09152750000004
64,G028.39+00.08,,18 42 51.9822,-03 59 54.494,0.231,0.015,-1.4,0.24,-3.26,0.24,75,5,http://vizier.u-strasbg.fr/viz-bin/VizieR?-6N&-info=XML&-out.add=.&&lt;&quot;Note&quot;&catid=18850131&notid=4&-out.emph=%-3s,http://vizier.u-strasbg.fr/viz-bin/VizieR-4?-info=XML&-out.add=.&-source=J/ApJ/885/131/refs&Ref=%-11s,[RMB2014] G028.39+00.08,-3.998470555555556,280.7165925
65,G028.83-00.25,,18 44 51.0865,-03 45 48.378,0.2,0.04,-1.89,0.22,-4.54,0.22,87,5,http://vizier.u-strasbg.fr/viz-bin/VizieR?-6N&-info=XML&-out.add=.&&lt;&quot;Note&quot;&catid=18850131&notid=4&-out.emph=%-3s,http://vizier.u-strasbg.fr/viz-bin/VizieR-4?-info=XML&-out.add=.&-source=J/ApJ/885/131/refs&Ref=%-11s,[RMB2014] G028.83-00.25,-3.763438333333333,281.2128604166667
66,G028.86+00.06,,18 43 46.2233,-03 35 29.846,0.201,0.019,-3.19,0.42,-5.72,0.48,100,10,http://vizier.u-strasbg.fr/viz-bin/VizieR?-6N&-info=XML&-out.add=.&&lt;&quot;Note&quot;&catid=18850131&notid=4&-out.emph=%-3s,http://vizier.u-strasbg.fr/viz-bin/VizieR-4?-info=XML&-out.add=.&-source=J/ApJ/885/131/refs&Ref=%-11s,[RMB2014] G028.86+00.06,-3.5916238888888894,280.94259708333334
67,G029.86-00.04,W43S,18 45 59.5708,-02 45 06.581,0.221,0.03,-2.33,0.26,-5.47,0.31,101,3,http://vizier.u-strasbg.fr/viz-bin/VizieR?-6N&-info=XML&-out.add=.&&lt;&quot;Note&quot;&catid=18850131&notid=4&-out.emph=%-3s,http://vizier.u-strasbg.fr/viz-bin/VizieR-4?-info=XML&-out.add=.&-source=J/ApJ/885/131/refs&Ref=%-11s,[RMB2014] G029.86-00.04,-2.7518280555555554,281.4982116666667
68,G029.95-00.01,W43S,18 46 03.7402,-02 39 22.328,0.207,0.019,-2.36,0.2,-5.38,0.2,99,5,http://vizier.u-strasbg.fr/viz-bin/VizieR?-6N&-info=XML&-out.add=.&&lt;&quot;Note&quot;&catid=18850131&notid=4&-out.emph=%-3s,http://vizier.u-strasbg.fr/viz-bin/VizieR-4?-info=XML&-out.add=.&-source=J/ApJ/885/131/refs&Ref=%-11s,[RMB2014] G029.95-00.01,-2.6562022222222224,281.51558416666666
69,G029.98+00.10,,18 45 39.9622,-02 34 32.581,0.156,0.01,-0.94,0.32,-3.49,0.32,109,10,http://vizier.u-strasbg.fr/viz-bin/VizieR?-6N&-info=XML&-out.add=.&&lt;&quot;Note&quot;&catid=18850131&notid=4&-out.emph=%-3s,http://vizier.u-strasbg.fr/viz-bin/VizieR-4?-info=XML&-out.add=.&-source=J/ApJ/885/131/refs&Ref=%-11s,[RMB2014] G029.98+00.10,-2.5757169444444443,281.4165091666667
70,G030.19-00.16,,18 47 03.0698,-02 30 36.268,0.212,0.01,-2.08,0.22,-3.8,0.25,108,3,http://vizier.u-strasbg.fr/viz-bin/VizieR?-6N&-info=XML&-out.add=.&&lt;&quot;Note&quot;&catid=18850131&notid=4&-out.emph=%-3s,http://vizier.u-strasbg.fr/viz-bin/VizieR-4?-info=XML&-out.add=.&-source=J/ApJ/885/131/refs&Ref=%-11s,[RMB2014] G030.19-00.16,-2.5100744444444443,281.7627908333333
71,G030.22-00.18,,18 47 08.2979,-02 29 29.330,0.284,0.032,-0.87,0.31,-4.7,0.34,113,3,http://vizier.u-strasbg.fr/viz-bin/VizieR?-6N&-info=XML&-out.add=.&&lt;&quot;Note&quot;&catid=18850131&notid=4&-out.emph=%-3s,http://vizier.u-strasbg.fr/viz-bin/VizieR-4?-info=XML&-out.add=.&-source=J/ApJ/885/131/refs&Ref=%-11s,[RMB2014] G030.22-00.18,-2.4914805555555555,281.7845745833333
72,G030.41-00.23,,18 47 40.7589,-02 20 30.907,0.253,0.021,-1.98,0.28,-4.07,0.29,103,3,http://vizier.u-strasbg.fr/viz-bin/VizieR?-6N&-info=XML&-out.add=.&&lt;&quot;Note&quot;&catid=18850131&notid=4&-out.emph=%-3s,http://vizier.u-strasbg.fr/viz-bin/VizieR-4?-info=XML&-out.add=.&-source=J/ApJ/885/131/refs&Ref=%-11s,[RMB2014] G030.41-00.23,-2.341918611111111,281.91982875
73,G030.70-00.06,,18 47 36.7983,-02 00 54.341,0.153,0.02,-2.33,0.18,-4.95,0.18,89,3,http://vizier.u-strasbg.fr/viz-bin/VizieR?-6N&-info=XML&-out.add=.&&lt;&quot;Note&quot;&catid=18850131&notid=4&-out.emph=%-3s,http://vizier.u-strasbg.fr/viz-bin/VizieR-4?-info=XML&-out.add=.&-source=J/ApJ/885/131/refs&Ref=%-11s,[RMB2014] G030.70-00.06,-2.0150947222222224,281.90332625
74,G030.74-00.04,,18 47 39.7248,-01 57 24.974,0.326,0.055,-2.38,0.38,-4.46,0.38,88,3,http://vizier.u-strasbg.fr/viz-bin/VizieR?-6N&-info=XML&-out.add=.&&lt;&quot;Note&quot;&catid=18850131&notid=4&-out.emph=%-3s,http://vizier.u-strasbg.fr/viz-bin/VizieR-4?-info=XML&-out.add=.&-source=J/ApJ/885/131/refs&Ref=%-11s,[RMB2014] G030.74-00.04,-1.9569372222222225,281.91551999999996
76,G030.81-00.05,,18 47 46.9751,-01 54 26.416,0.321,0.037,-2.34,0.35,-5.66,0.35,105,5,http://vizier.u-strasbg.fr/viz-bin/VizieR?-6N&-info=XML&-out.add=.&&lt;&quot;Note&quot;&catid=18850131&notid=4&-out.emph=%-3s,http://vizier.u-strasbg.fr/viz-bin/VizieR-4?-info=XML&-out.add=.&-source=J/ApJ/885/131/refs&Ref=%-11s,[RMB2014] G030.81-00.05,-1.9073377777777778,281.94572958333333
77,G030.97-00.14,,18 48 22.0433,-01 48 30.750,0.294,0.022,-2.14,0.31,-3.82,0.34,77,3,http://vizier.u-strasbg.fr/viz-bin/VizieR?-6N&-info=XML&-out.add=.&&lt;&quot;Note&quot;&catid=18850131&notid=4&-out.emph=%-3s,http://vizier.u-strasbg.fr/viz-bin/VizieR-4?-info=XML&-out.add=.&-source=J/ApJ/885/131/refs&Ref=%-11s,[RMB2014] G030.97-00.14,-1.8085416666666667,282.09184708333333
78,G031.24-00.11,,18 48 45.0808,-01 33 13.200,0.076,0.014,-2.8,0.19,-5.54,0.19,24,10,http://vizier.u-strasbg.fr/viz-bin/VizieR?-6N&-info=XML&-out.add=.&&lt;&quot;Note&quot;&catid=18850131&notid=4&-out.emph=%-3s,http://vizier.u-strasbg.fr/viz-bin/VizieR-4?-info=XML&-out.add=.&-source=J/ApJ/885/131/refs&Ref=%-11s,[RMB2014] G031.24-00.11,-1.5536666666666668,282.18783666666667
79,G031.28+00.06,W43M,18 48 12.3760,-01 26 28.778,0.21,0.029,-1.99,0.19,-4.58,0.22,110,5,http://vizier.u-strasbg.fr/viz-bin/VizieR?-6N&-info=XML&-out.add=.&&lt;&quot;Note&quot;&catid=18850131&notid=4&-out.emph=%-3s,http://vizier.u-strasbg.fr/viz-bin/VizieR-4?-info=XML&-out.add=.&-source=J/ApJ/885/131/refs&Ref=%-11s,[RMB2014] G031.28+00.06,-1.4413272222222222,282.0515666666667
80,G031.41+00.30,,18 47 34.3105,-01 12 46.659,0.267,0.029,-1.58,0.7,-5.82,0.7,97,15,http://vizier.u-strasbg.fr/viz-bin/VizieR?-6N&-info=XML&-out.add=.&&lt;&quot;Note&quot;&catid=18850131&notid=4&-out.emph=%-3s,http://vizier.u-strasbg.fr/viz-bin/VizieR-4?-info=XML&-out.add=.&-source=J/ApJ/885/131/refs&Ref=%-11s,[RMB2014] G031.41+00.30,-1.2129608333333333,281.89296041666665
81,G031.58+00.07,W43M,18 48 41.6740,-01 09 59.774,0.183,0.032,-1.97,0.4,-4.43,0.4,96,5,http://vizier.u-strasbg.fr/viz-bin/VizieR?-6N&-info=XML&-out.add=.&&lt;&quot;Note&quot;&catid=18850131&notid=4&-out.emph=%-3s,http://vizier.u-strasbg.fr/viz-bin/VizieR-4?-info=XML&-out.add=.&-source=J/ApJ/885/131/refs&Ref=%-11s,[RMB2014] G031.58+00.07,-1.1666038888888892,282.1736416666667
82,G032.04+00.05,,18 49 36.5754,-00 45 45.539,0.198,0.015,-2.05,0.21,-4.77,0.21,98,5,http://vizier.u-strasbg.fr/viz-bin/VizieR?-6N&-info=XML&-out.add=.&&lt;&quot;Note&quot;&catid=18850131&notid=4&-out.emph=%-3s,http://vizier.u-strasbg.fr/viz-bin/VizieR-4?-info=XML&-out.add=.&-source=J/ApJ/885/131/refs&Ref=%-11s,[RMB2014] G032.04+00.05,-0.7626497222222223,282.40239749999995
83,G032.74-00.07,,18 51 21.8624,-00 12 06.220,0.126,0.016,-3.15,0.27,-6.1,0.29,37,10,http://vizier.u-strasbg.fr/viz-bin/VizieR?-6N&-info=XML&-out.add=.&&lt;&quot;Note&quot;&catid=18850131&notid=4&-out.emph=%-3s,http://vizier.u-strasbg.fr/viz-bin/VizieR-4?-info=XML&-out.add=.&-source=J/ApJ/885/131/refs&Ref=%-11s,[RMB2014] G032.74-00.07,-0.2017277777777778,282.84109333333333
85,G033.09-00.07,,18 51 59.4085,+00 06 34.262,0.134,0.016,-2.46,0.15,-5.32,0.15,100,5,http://vizier.u-strasbg.fr/viz-bin/VizieR?-6N&-info=XML&-out.add=.&&lt;&quot;Note&quot;&catid=18850131&notid=4&-out.emph=%-3s,http://vizier.u-strasbg.fr/viz-bin/VizieR-4?-info=XML&-out.add=.&-source=J/ApJ/885/131/refs&Ref=%-11s,[RMB2014] G033.09-00.07,0.10951722222222224,282.9975354166666
87,G033.64-00.22,,18 53 32.5630,+00 31 39.100,0.131,0.02,-3.1,0.15,-6.27,0.14,60,3,http://vizier.u-strasbg.fr/viz-bin/VizieR?-6N&-info=XML&-out.add=.&&lt;&quot;Note&quot;&catid=18850131&notid=4&-out.emph=%-3s,http://vizier.u-strasbg.fr/viz-bin/VizieR-4?-info=XML&-out.add=.&-source=J/ApJ/885/131/refs&Ref=%-11s,[RMB2014] G033.64-00.22,0.5275277777777778,283.3856791666667
89,G034.79-01.38,,18 59 45.9838,+01 01 18.947,0.381,0.02,-0.31,0.62,-2.8,0.72,45,5,http://vizier.u-strasbg.fr/viz-bin/VizieR?-6N&-info=XML&-out.add=.&&lt;&quot;Note&quot;&catid=18850131&notid=4&-out.emph=%-3s,http://vizier.u-strasbg.fr/viz-bin/VizieR-4?-info=XML&-out.add=.&-source=J/ApJ/885/131/refs&Ref=%-11s,[RMB2014] G034.79-01.38,1.0219297222222221,284.94159916666666
90,G035.02+00.34,,18 54 00.6576,+02 01 19.217,0.43,0.04,-0.92,0.9,-3.61,0.9,52,5,http://vizier.u-strasbg.fr/viz-bin/VizieR?-6N&-info=XML&-out.add=.&&lt;&quot;Note&quot;&catid=18850131&notid=4&-out.emph=%-3s,http://vizier.u-strasbg.fr/viz-bin/VizieR-4?-info=XML&-out.add=.&-source=J/ApJ/885/131/refs&Ref=%-11s,[RMB2014] G035.02+00.34,2.0220047222222224,283.50274
91,G035.19-00.74,,18 58 13.0517,+01 40 35.674,0.456,0.045,-0.18,0.5,-3.63,0.5,30,7,http://vizier.u-strasbg.fr/viz-bin/VizieR?-6N&-info=XML&-out.add=.&&lt;&quot;Note&quot;&catid=18850131&notid=4&-out.emph=%-3s,http://vizier.u-strasbg.fr/viz-bin/VizieR-4?-info=XML&-out.add=.&-source=J/ApJ/885/131/refs&Ref=%-11s,[RMB2014] G035.19-00.74,1.6765761111111113,284.5543820833334
92,G035.20-01.73,,19 01 45.5420,+01 13 32.690,0.412,0.014,-0.68,0.44,-3.6,0.44,43,5,http://vizier.u-strasbg.fr/viz-bin/VizieR?-6N&-info=XML&-out.add=.&&lt;&quot;Note&quot;&catid=18850131&notid=4&-out.emph=%-3s,http://vizier.u-strasbg.fr/viz-bin/VizieR-4?-info=XML&-out.add=.&-source=J/ApJ/885/131/refs&Ref=%-11s,[RMB2014] G035.20-01.73,1.225747222222222,285.4397583333333
93,G035.79-00.17,,18 57 16.8905,+02 27 58.007,0.113,0.013,-2.96,0.12,-6.23,0.14,61,5,http://vizier.u-strasbg.fr/viz-bin/VizieR?-6N&-info=XML&-out.add=.&&lt;&quot;Note&quot;&catid=18850131&notid=4&-out.emph=%-3s,http://vizier.u-strasbg.fr/viz-bin/VizieR-4?-info=XML&-out.add=.&-source=J/ApJ/885/131/refs&Ref=%-11s,[RMB2014] G035.79-00.17,2.4661130555555557,284.32037708333337
95,G037.42+01.51,,18 54 14.3481,+04 41 39.647,0.532,0.021,-0.45,0.35,-3.69,0.39,41,3,http://vizier.u-strasbg.fr/viz-bin/VizieR?-6N&-info=XML&-out.add=.&&lt;&quot;Note&quot;&catid=18850131&notid=4&-out.emph=%-3s,http://vizier.u-strasbg.fr/viz-bin/VizieR-4?-info=XML&-out.add=.&-source=J/ApJ/885/131/refs&Ref=%-11s,[RMB2014] G037.42+01.51,4.6943463888888886,283.55978375000007
98,G038.11-00.22,,19 01 44.1513,+04 30 37.400,0.242,0.035,-2.79,0.27,-5.25,0.31,76,5,http://vizier.u-strasbg.fr/viz-bin/VizieR?-6N&-info=XML&-out.add=.&&lt;&quot;Note&quot;&catid=18850131&notid=4&-out.emph=%-3s,http://vizier.u-strasbg.fr/viz-bin/VizieR-4?-info=XML&-out.add=.&-source=J/ApJ/885/131/refs&Ref=%-11s,[RMB2014] G038.11-00.22,4.510388888888889,285.43396375000003
99,G040.28-00.21,,19 05 41.2146,+06 26 12.698,0.297,0.019,-1.8,0.31,-3.82,0.33,74,5,http://vizier.u-strasbg.fr/viz-bin/VizieR?-6N&-info=XML&-out.add=.&&lt;&quot;Note&quot;&catid=18850131&notid=4&-out.emph=%-3s,http://vizier.u-strasbg.fr/viz-bin/VizieR-4?-info=XML&-out.add=.&-source=J/ApJ/885/131/refs&Ref=%-11s,[RMB2014] G040.28-00.21,6.436860555555556,286.4217275
100,G040.42+00.70,,19 02 39.6192,+06 59 09.052,0.078,0.013,-2.95,0.09,-5.48,0.1,10,5,http://vizier.u-strasbg.fr/viz-bin/VizieR?-6N&-info=XML&-out.add=.&&lt;&quot;Note&quot;&catid=18850131&notid=4&-out.emph=%-3s,http://vizier.u-strasbg.fr/viz-bin/VizieR-4?-info=XML&-out.add=.&-source=J/ApJ/885/131/refs&Ref=%-11s,[RMB2014] G040.42+00.70,6.985847777777778,285.66508000000005
102,G041.15-00.20,,19 07 14.3676,+07 13 18.025,0.125,0.018,-2.79,0.14,-5.85,0.16,60,3,http://vizier.u-strasbg.fr/viz-bin/VizieR?-6N&-info=XML&-out.add=.&&lt;&quot;Note&quot;&catid=18850131&notid=4&-out.emph=%-3s,http://vizier.u-strasbg.fr/viz-bin/VizieR-4?-info=XML&-out.add=.&-source=J/ApJ/885/131/refs&Ref=%-11s,[RMB2014] G041.15-00.20,7.221673611111111,286.809865
103,G041.22-00.19,,19 07 21.3772,+07 17 08.115,0.113,0.022,-2.82,0.13,-5.89,0.16,59,5,http://vizier.u-strasbg.fr/viz-bin/VizieR?-6N&-info=XML&-out.add=.&&lt;&quot;Note&quot;&catid=18850131&notid=4&-out.emph=%-3s,http://vizier.u-strasbg.fr/viz-bin/VizieR-4?-info=XML&-out.add=.&-source=J/ApJ/885/131/refs&Ref=%-11s,[RMB2014] G041.22-00.19,7.2855875,286.8390716666667
104,G042.03+00.19,,19 07 28.1834,+08 10 53.433,0.071,0.012,-2.4,0.09,-5.64,0.11,12,5,http://vizier.u-strasbg.fr/viz-bin/VizieR?-6N&-info=XML&-out.add=.&&lt;&quot;Note&quot;&catid=18850131&notid=4&-out.emph=%-3s,http://vizier.u-strasbg.fr/viz-bin/VizieR-4?-info=XML&-out.add=.&-source=J/ApJ/885/131/refs&Ref=%-11s,[RMB2014] G042.03+00.19,8.181509166666666,286.86743083333334
105,G043.03-00.45,,19 11 38.9819,+08 46 30.665,0.13,0.019,-3.03,0.15,-6.56,0.2,56,5,http://vizier.u-strasbg.fr/viz-bin/VizieR?-6N&-info=XML&-out.add=.&&lt;&quot;Note&quot;&catid=18850131&notid=4&-out.emph=%-3s,http://vizier.u-strasbg.fr/viz-bin/VizieR-4?-info=XML&-out.add=.&-source=J/ApJ/885/131/refs&Ref=%-11s,[RMB2014] G043.03-00.45,8.775184722222223,287.91242458333335
106,G043.16+00.01,W49N,19 10 13.4100,+09 06 12.800,0.09,0.007,-2.88,0.2,-5.41,0.2,10,5,http://vizier.u-strasbg.fr/viz-bin/VizieR?-6N&-info=XML&-out.add=.&&lt;&quot;Note&quot;&catid=18850131&notid=4&-out.emph=%-3s,http://vizier.u-strasbg.fr/viz-bin/VizieR-4?-info=XML&-out.add=.&-source=J/ApJ/885/131/refs&Ref=%-11s,[RMB2014] G043.16+00.01,9.103555555555555,287.555875
107,G043.79-00.12,OH43.8-0.1,19 11 53.9868,+09 35 50.325,0.166,0.01,-3.02,0.36,-6.2,0.36,44,10,http://vizier.u-strasbg.fr/viz-bin/VizieR?-6N&-info=XML&-out.add=.&&lt;&quot;Note&quot;&catid=18850131&notid=4&-out.emph=%-3s,http://vizier.u-strasbg.fr/viz-bin/VizieR-4?-info=XML&-out.add=.&-source=J/ApJ/885/131/refs&Ref=%-11s,[RMB2014] G043.79-00.12,9.5973125,287.974945
108,G043.89-00.78,,19 14 26.3906,+09 22 36.568,0.134,0.013,-3.11,0.15,-5.35,0.21,52,3,http://vizier.u-strasbg.fr/viz-bin/VizieR?-6N&-info=XML&-out.add=.&&lt;&quot;Note&quot;&catid=18850131&notid=4&-out.emph=%-3s,http://vizier.u-strasbg.fr/viz-bin/VizieR-4?-info=XML&-out.add=.&-source=J/ApJ/885/131/refs&Ref=%-11s,[RMB2014] G043.89-00.78,9.376824444444445,288.6099608333334
109,G045.07+00.13,,19 13 22.0427,+10 50 53.336,0.129,0.007,-3.21,0.26,-6.11,0.26,59,5,http://vizier.u-strasbg.fr/viz-bin/VizieR?-6N&-info=XML&-out.add=.&&lt;&quot;Note&quot;&catid=18850131&notid=4&-out.emph=%-3s,http://vizier.u-strasbg.fr/viz-bin/VizieR-4?-info=XML&-out.add=.&-source=J/ApJ/885/131/refs&Ref=%-11s,[RMB2014] G045.07+00.13,10.84814888888889,288.34184458333334
110,G045.45+00.06,,19 14 21.2658,+11 09 15.872,0.119,0.017,-2.34,0.38,-6.0,0.54,55,7,http://vizier.u-strasbg.fr/viz-bin/VizieR?-6N&-info=XML&-out.add=.&&lt;&quot;Note&quot;&catid=18850131&notid=4&-out.emph=%-3s,http://vizier.u-strasbg.fr/viz-bin/VizieR-4?-info=XML&-out.add=.&-source=J/ApJ/885/131/refs&Ref=%-11s,[RMB2014] G045.45+00.06,11.154408888888891,288.5886075
111,G045.49+00.12,,19 14 11.3553,+11 13 06.370,0.144,0.024,-2.62,0.17,-5.61,0.16,58,3,http://vizier.u-strasbg.fr/viz-bin/VizieR?-6N&-info=XML&-out.add=.&&lt;&quot;Note&quot;&catid=18850131&notid=4&-out.emph=%-3s,http://vizier.u-strasbg.fr/viz-bin/VizieR-4?-info=XML&-out.add=.&-source=J/ApJ/885/131/refs&Ref=%-11s,[RMB2014] G045.49+00.12,11.218436111111112,288.54731375
112,G045.80-00.35,,19 16 31.0795,+11 16 11.985,0.137,0.023,-2.52,0.17,-6.08,0.27,64,5,http://vizier.u-strasbg.fr/viz-bin/VizieR?-6N&-info=XML&-out.add=.&&lt;&quot;Note&quot;&catid=18850131&notid=4&-out.emph=%-3s,http://vizier.u-strasbg.fr/viz-bin/VizieR-4?-info=XML&-out.add=.&-source=J/ApJ/885/131/refs&Ref=%-11s,[RMB2014] G045.80-00.35,11.269995833333333,289.1294979166667
113,G048.60+00.02,,19 20 31.1760,+13 55 25.210,0.093,0.005,-2.89,0.13,-5.5,0.13,18,5,http://vizier.u-strasbg.fr/viz-bin/VizieR?-6N&-info=XML&-out.add=.&&lt;&quot;Note&quot;&catid=18850131&notid=4&-out.emph=%-3s,http://vizier.u-strasbg.fr/viz-bin/VizieR-4?-info=XML&-out.add=.&-source=J/ApJ/885/131/refs&Ref=%-11s,[RMB2014] G048.60+00.02,13.923669444444444,290.1299
114,G048.99-00.29,,19 22 26.1348,+14 06 39.133,0.178,0.017,-2.2,0.48,-5.84,0.63,67,10,http://vizier.u-strasbg.fr/viz-bin/VizieR?-6N&-info=XML&-out.add=.&&lt;&quot;Note&quot;&catid=18850131&notid=4&-out.emph=%-3s,http://vizier.u-strasbg.fr/viz-bin/VizieR-4?-info=XML&-out.add=.&-source=J/ApJ/885/131/refs&Ref=%-11s,[RMB2014] G048.99-00.29,14.110870277777778,290.60889499999996
115,G049.04-01.07,,19 25 22.2504,+13 47 19.525,0.164,0.022,-3.23,0.23,-6.42,0.43,38,5,http://vizier.u-strasbg.fr/viz-bin/VizieR?-6N&-info=XML&-out.add=.&&lt;&quot;Note&quot;&catid=18850131&notid=4&-out.emph=%-3s,http://vizier.u-strasbg.fr/viz-bin/VizieR-4?-info=XML&-out.add=.&-source=J/ApJ/885/131/refs&Ref=%-11s,[RMB2014] G049.04-01.07,13.788756944444444,291.34271
116,G049.19-00.33,,19 22 57.7705,+14 16 09.983,0.197,0.008,-3.08,0.4,-5.5,0.4,67,5,http://vizier.u-strasbg.fr/viz-bin/VizieR?-6N&-info=XML&-out.add=.&&lt;&quot;Note&quot;&catid=18850131&notid=4&-out.emph=%-3s,http://vizier.u-strasbg.fr/viz-bin/VizieR-4?-info=XML&-out.add=.&-source=J/ApJ/885/131/refs&Ref=%-11s,[RMB2014] G049.19-00.33,14.269439722222222,290.7407104166667
118,G049.34+00.41,,19 20 32.4472,+14 45 45.390,0.241,0.031,-2.36,0.26,-5.59,0.33,68,5,http://vizier.u-strasbg.fr/viz-bin/VizieR?-6N&-info=XML&-out.add=.&&lt;&quot;Note&quot;&catid=18850131&notid=4&-out.emph=%-3s,http://vizier.u-strasbg.fr/viz-bin/VizieR-4?-info=XML&-out.add=.&-source=J/ApJ/885/131/refs&Ref=%-11s,[RMB2014] G049.34+00.41,14.762608333333334,290.13519666666673
121,G049.48-00.38,W51M,19 23 43.8700,+14 30 29.500,0.185,0.01,-2.64,0.2,-5.11,0.2,58,4,http://vizier.u-strasbg.fr/viz-bin/VizieR?-6N&-info=XML&-out.add=.&&lt;&quot;Note&quot;&catid=18850131&notid=4&-out.emph=%-3s,http://vizier.u-strasbg.fr/viz-bin/VizieR-4?-info=XML&-out.add=.&-source=J/ApJ/885/131/refs&Ref=%-11s,[RMB2014] G049.48-00.38,14.508194444444445,290.9327916666667
122,G049.59-00.24,,19 23 26.6068,+14 40 16.955,0.218,0.009,-2.25,0.24,-6.12,0.25,63,5,http://vizier.u-strasbg.fr/viz-bin/VizieR?-6N&-info=XML&-out.add=.&&lt;&quot;Note&quot;&catid=18850131&notid=4&-out.emph=%-3s,http://vizier.u-strasbg.fr/viz-bin/VizieR-4?-info=XML&-out.add=.&-source=J/ApJ/885/131/refs&Ref=%-11s,[RMB2014] G049.59-00.24,14.671376388888891,290.8608616666667
123,G052.10+01.04,,19 23 37.3212,+17 29 10.437,0.165,0.013,-2.77,1.4,-5.85,1.4,42,40,http://vizier.u-strasbg.fr/viz-bin/VizieR?-6N&-info=XML&-out.add=.&&lt;&quot;Note&quot;&catid=18850131&notid=4&-out.emph=%-3s,http://vizier.u-strasbg.fr/viz-bin/VizieR-4?-info=XML&-out.add=.&-source=J/ApJ/885/131/refs&Ref=%-11s,[RMB2014] G052.10+01.04,17.4862325,290.90550500000006
124,G054.10-00.08,,19 31 48.7978,+18 42 57.096,0.231,0.031,-3.13,0.58,-5.57,0.61,40,5,http://vizier.u-strasbg.fr/viz-bin/VizieR?-6N&-info=XML&-out.add=.&&lt;&quot;Note&quot;&catid=18850131&notid=4&-out.emph=%-3s,http://vizier.u-strasbg.fr/viz-bin/VizieR-4?-info=XML&-out.add=.&-source=J/ApJ/885/131/refs&Ref=%-11s,[RMB2014] G054.10-00.08,18.71586,292.9533241666667
125,G058.77+00.64,,19 38 49.1269,+23 08 40.205,0.299,0.04,-2.7,0.34,-6.1,0.38,33,3,http://vizier.u-strasbg.fr/viz-bin/VizieR?-6N&-info=XML&-out.add=.&&lt;&quot;Note&quot;&catid=18850131&notid=4&-out.emph=%-3s,http://vizier.u-strasbg.fr/viz-bin/VizieR-4?-info=XML&-out.add=.&-source=J/ApJ/885/131/refs&Ref=%-11s,[RMB2014] G058.77+00.64,23.144501388888887,294.70469541666665
126,G059.47-00.18,,19 43 28.3504,+23 20 42.522,0.535,0.024,-1.83,1.22,-6.6,1.21,26,3,http://vizier.u-strasbg.fr/viz-bin/VizieR?-6N&-info=XML&-out.add=.&&lt;&quot;Note&quot;&catid=18850131&notid=4&-out.emph=%-3s,http://vizier.u-strasbg.fr/viz-bin/VizieR-4?-info=XML&-out.add=.&-source=J/ApJ/885/131/refs&Ref=%-11s,[RMB2014] G059.47-00.18,23.345145,295.8681266666666
127,G059.78+00.06,,19 43 11.2464,+23 44 03.270,0.463,0.02,-1.5,0.53,-5.12,0.51,23,5,http://vizier.u-strasbg.fr/viz-bin/VizieR?-6N&-info=XML&-out.add=.&&lt;&quot;Note&quot;&catid=18850131&notid=4&-out.emph=%-3s,http://vizier.u-strasbg.fr/viz-bin/VizieR-4?-info=XML&-out.add=.&-source=J/ApJ/885/131/refs&Ref=%-11s,[RMB2014] G059.78+00.06,23.734241666666666,295.79686000000004
128,G059.83+00.67,,19 40 59.2938,+24 04 44.177,0.242,0.014,-2.91,0.26,-6.12,0.26,34,3,http://vizier.u-strasbg.fr/viz-bin/VizieR?-6N&-info=XML&-out.add=.&&lt;&quot;Note&quot;&catid=18850131&notid=4&-out.emph=%-3s,http://vizier.u-strasbg.fr/viz-bin/VizieR-4?-info=XML&-out.add=.&-source=J/ApJ/885/131/refs&Ref=%-11s,[RMB2014] G059.83+00.67,24.078938055555557,295.24705750000004
130,G069.54-00.97,ON1,20 10 09.0700,+31 31 35.950,0.406,0.013,-3.19,0.4,-5.22,0.4,12,5,http://vizier.u-strasbg.fr/viz-bin/VizieR?-6N&-info=XML&-out.add=.&&lt;&quot;Note&quot;&catid=18850131&notid=4&-out.emph=%-3s,http://vizier.u-strasbg.fr/viz-bin/VizieR-4?-info=XML&-out.add=.&-source=J/ApJ/885/131/refs&Ref=%-11s,[RMB2014] G069.54-00.97,31.526652777777777,302.5377916666666
131,G070.18+01.74,,20 00 54.4874,+33 31 28.224,0.156,0.016,-2.82,0.16,-5.17,0.19,-23,5,http://vizier.u-strasbg.fr/viz-bin/VizieR?-6N&-info=XML&-out.add=.&&lt;&quot;Note&quot;&catid=18850131&notid=4&-out.emph=%-3s,http://vizier.u-strasbg.fr/viz-bin/VizieR-4?-info=XML&-out.add=.&-source=J/ApJ/885/131/refs&Ref=%-11s,[RMB2014] G070.18+01.74,33.52450666666667,300.22703083333334
132,G071.31+00.82,IRAS20056+335,20 07 31.2593,+33 59 41.491,0.213,0.028,-2.62,0.7,-5.65,0.6,9,5,http://vizier.u-strasbg.fr/viz-bin/VizieR?-6N&-info=XML&-out.add=.&&lt;&quot;Note&quot;&catid=18850131&notid=4&-out.emph=%-3s,http://vizier.u-strasbg.fr/viz-bin/VizieR-4?-info=XML&-out.add=.&-source=J/ApJ/885/131/refs&Ref=%-11s,[RMB2014] G071.31+00.82,33.99485861111111,301.8802470833333
133,G071.52-00.38,,20 12 57.8943,+33 30 27.083,0.277,0.026,-2.48,0.29,-4.97,0.3,11,3,http://vizier.u-strasbg.fr/viz-bin/VizieR?-6N&-info=XML&-out.add=.&&lt;&quot;Note&quot;&catid=18850131&notid=4&-out.emph=%-3s,http://vizier.u-strasbg.fr/viz-bin/VizieR-4?-info=XML&-out.add=.&-source=J/ApJ/885/131/refs&Ref=%-11s,[RMB2014] G071.52-00.38,33.50752305555555,303.24122625
137,G075.29+01.32,,20 16 16.0120,+37 35 45.810,0.108,0.01,-2.37,0.11,-4.48,0.17,-58,5,http://vizier.u-strasbg.fr/viz-bin/VizieR?-6N&-info=XML&-out.add=.&&lt;&quot;Note&quot;&catid=18850131&notid=4&-out.emph=%-3s,http://vizier.u-strasbg.fr/viz-bin/VizieR-4?-info=XML&-out.add=.&-source=J/ApJ/885/131/refs&Ref=%-11s,[RMB2014] G075.29+01.32,37.59605833333333,304.06671666666665
138,G075.76+00.33,,20 21 41.0860,+37 25 29.280,0.285,0.022,-3.08,0.6,-4.56,0.6,-9,9,http://vizier.u-strasbg.fr/viz-bin/VizieR?-6N&-info=XML&-out.add=.&&lt;&quot;Note&quot;&catid=18850131&notid=4&-out.emph=%-3s,http://vizier.u-strasbg.fr/viz-bin/VizieR-4?-info=XML&-out.add=.&-source=J/ApJ/885/131/refs&Ref=%-11s,[RMB2014] G075.76+00.33,37.4248,305.4211916666667
140,G076.38-00.61,,20 27 25.4752,+37 22 48.460,0.77,0.053,-3.73,3.0,-3.84,3.0,-2,5,http://vizier.u-strasbg.fr/viz-bin/VizieR?-6N&-info=XML&-out.add=.&&lt;&quot;Note&quot;&catid=18850131&notid=4&-out.emph=%-3s,http://vizier.u-strasbg.fr/viz-bin/VizieR-4?-info=XML&-out.add=.&-source=J/ApJ/885/131/refs&Ref=%-11s,[RMB2014] G076.38-00.61,37.38012777777778,306.85614666666663
142,G078.88+00.70,AFGL2591,20 29 24.8230,+40 11 19.590,0.3,0.024,-1.2,0.72,-4.8,0.66,-6,7,http://vizier.u-strasbg.fr/viz-bin/VizieR?-6N&-info=XML&-out.add=.&&lt;&quot;Note&quot;&catid=18850131&notid=4&-out.emph=%-3s,http://vizier.u-strasbg.fr/viz-bin/VizieR-4?-info=XML&-out.add=.&-source=J/ApJ/885/131/refs&Ref=%-11s,[RMB2014] G078.88+00.70,40.18877500000001,307.3534291666667
143,G079.73+00.99,IRAS20290+405,20 30 50.6730,+41 02 27.540,0.737,0.062,-2.84,0.79,-4.14,1.06,-3,5,http://vizier.u-strasbg.fr/viz-bin/VizieR?-6N&-info=XML&-out.add=.&&lt;&quot;Note&quot;&catid=18850131&notid=4&-out.emph=%-3s,http://vizier.u-strasbg.fr/viz-bin/VizieR-4?-info=XML&-out.add=.&-source=J/ApJ/885/131/refs&Ref=%-11s,[RMB2014] G079.73+00.99,41.04098333333334,307.7111375
144,G079.87+01.17,IRAS20286+410,20 30 29.1440,+41 15 53.640,0.62,0.027,-3.23,1.3,-5.19,1.3,-5,10,http://vizier.u-strasbg.fr/viz-bin/VizieR?-6N&-info=XML&-out.add=.&&lt;&quot;Note&quot;&catid=18850131&notid=4&-out.emph=%-3s,http://vizier.u-strasbg.fr/viz-bin/VizieR-4?-info=XML&-out.add=.&-source=J/ApJ/885/131/refs&Ref=%-11s,[RMB2014] G079.87+01.17,41.2649,307.62143333333336
145,G080.79-01.92,NMLCyg,20 46 25.5400,+40 06 59.400,0.62,0.047,-1.55,0.57,-4.59,0.57,-3,3,http://vizier.u-strasbg.fr/viz-bin/VizieR?-6N&-info=XML&-out.add=.&&lt;&quot;Note&quot;&catid=18850131&notid=4&-out.emph=%-3s,http://vizier.u-strasbg.fr/viz-bin/VizieR-4?-info=XML&-out.add=.&-source=J/ApJ/885/131/refs&Ref=%-11s,[RMB2014] G080.79-01.92,40.1165,311.6064166666667
146,G080.86+00.38,DR20,20 37 00.9600,+41 34 55.700,0.687,0.038,-3.29,0.73,-4.83,0.77,-3,5,http://vizier.u-strasbg.fr/viz-bin/VizieR?-6N&-info=XML&-out.add=.&&lt;&quot;Note&quot;&catid=18850131&notid=4&-out.emph=%-3s,http://vizier.u-strasbg.fr/viz-bin/VizieR-4?-info=XML&-out.add=.&-source=J/ApJ/885/131/refs&Ref=%-11s,[RMB2014] G080.86+00.38,41.58213888888889,309.25399999999996
147,G081.75+00.59,DR21A,20 39 01.9930,+42 24 59.290,0.666,0.035,-2.84,0.45,-3.8,0.47,-3,3,http://vizier.u-strasbg.fr/viz-bin/VizieR?-6N&-info=XML&-out.add=.&&lt;&quot;Note&quot;&catid=18850131&notid=4&-out.emph=%-3s,http://vizier.u-strasbg.fr/viz-bin/VizieR-4?-info=XML&-out.add=.&-source=J/ApJ/885/131/refs&Ref=%-11s,[RMB2014] G081.75+00.59,42.416469444444445,309.7583041666666
148,G081.87+00.78,W75N,20 38 36.4260,+42 37 34.800,0.772,0.042,-1.97,0.5,-4.16,0.51,7,3,http://vizier.u-strasbg.fr/viz-bin/VizieR?-6N&-info=XML&-out.add=.&&lt;&quot;Note&quot;&catid=18850131&notid=4&-out.emph=%-3s,http://vizier.u-strasbg.fr/viz-bin/VizieR-4?-info=XML&-out.add=.&-source=J/ApJ/885/131/refs&Ref=%-11s,[RMB2014] G081.87+00.78,42.626333333333335,309.651775
149,G090.21+02.32,IRAS21007+495,21 02 22.7010,+50 03 08.309,1.483,0.038,-0.67,1.56,-0.9,1.67,-3,5,http://vizier.u-strasbg.fr/viz-bin/VizieR?-6N&-info=XML&-out.add=.&&lt;&quot;Note&quot;&catid=18850131&notid=4&-out.emph=%-3s,http://vizier.u-strasbg.fr/viz-bin/VizieR-4?-info=XML&-out.add=.&-source=J/ApJ/885/131/refs&Ref=%-11s,[RMB2014] G090.21+02.32,50.05230805555556,315.59458750000005
150,G090.92+01.48,,21 09 12.9685,+50 01 03.664,0.171,0.031,-2.96,0.2,-2.61,0.28,-70,5,http://vizier.u-strasbg.fr/viz-bin/VizieR?-6N&-info=XML&-out.add=.&&lt;&quot;Note&quot;&catid=18850131&notid=4&-out.emph=%-3s,http://vizier.u-strasbg.fr/viz-bin/VizieR-4?-info=XML&-out.add=.&-source=J/ApJ/885/131/refs&Ref=%-11s,[RMB2014] G090.92+01.48,50.01768444444444,317.3040354166667
151,G092.67+03.07,,21 09 21.7320,+52 22 37.080,0.613,0.02,-0.69,1.42,-2.25,1.42,-5,10,http://vizier.u-strasbg.fr/viz-bin/VizieR?-6N&-info=XML&-out.add=.&&lt;&quot;Note&quot;&catid=18850131&notid=4&-out.emph=%-3s,http://vizier.u-strasbg.fr/viz-bin/VizieR-4?-info=XML&-out.add=.&-source=J/ApJ/885/131/refs&Ref=%-11s,[RMB2014] G092.67+03.07,52.37696666666667,317.34055
152,G094.60-01.79,AFGL2789,21 39 58.2701,+50 14 20.994,0.221,0.013,-3.49,0.23,-2.65,0.23,-43,3,http://vizier.u-strasbg.fr/viz-bin/VizieR?-6N&-info=XML&-out.add=.&&lt;&quot;Note&quot;&catid=18850131&notid=4&-out.emph=%-3s,http://vizier.u-strasbg.fr/viz-bin/VizieR-4?-info=XML&-out.add=.&-source=J/ApJ/885/131/refs&Ref=%-11s,[RMB2014] G094.60-01.79,50.239165,324.99279208333337
153,G095.29-00.93,,21 39 40.5089,+51 20 32.808,0.206,0.015,-2.74,0.3,-2.85,0.37,-38,5,http://vizier.u-strasbg.fr/viz-bin/VizieR?-6N&-info=XML&-out.add=.&&lt;&quot;Note&quot;&catid=18850131&notid=4&-out.emph=%-3s,http://vizier.u-strasbg.fr/viz-bin/VizieR-4?-info=XML&-out.add=.&-source=J/ApJ/885/131/refs&Ref=%-11s,[RMB2014] G095.29-00.93,51.34244666666667,324.9187870833333
154,G097.53+03.18,,21 32 12.4343,+55 53 49.689,0.133,0.017,-2.94,0.29,-2.48,0.29,-73,5,http://vizier.u-strasbg.fr/viz-bin/VizieR?-6N&-info=XML&-out.add=.&&lt;&quot;Note&quot;&catid=18850131&notid=4&-out.emph=%-3s,http://vizier.u-strasbg.fr/viz-bin/VizieR-4?-info=XML&-out.add=.&-source=J/ApJ/885/131/refs&Ref=%-11s,[RMB2014] G097.53+03.18,55.89713583333333,323.05180958333335
156,G100.37-03.57,,22 16 10.3651,+52 21 34.113,0.289,0.016,-3.66,0.6,-3.02,0.6,-37,10,http://vizier.u-strasbg.fr/viz-bin/VizieR?-6N&-info=XML&-out.add=.&&lt;&quot;Note&quot;&catid=18850131&notid=4&-out.emph=%-3s,http://vizier.u-strasbg.fr/viz-bin/VizieR-4?-info=XML&-out.add=.&-source=J/ApJ/885/131/refs&Ref=%-11s,[RMB2014] G100.37-03.57,52.359475833333335,334.0431879166667
157,G105.41+09.87,,21 43 06.4810,+66 06 55.340,1.129,0.063,-0.21,1.2,-5.49,1.2,-10,5,http://vizier.u-strasbg.fr/viz-bin/VizieR?-6N&-info=XML&-out.add=.&&lt;&quot;Note&quot;&catid=18850131&notid=4&-out.emph=%-3s,http://vizier.u-strasbg.fr/viz-bin/VizieR-4?-info=XML&-out.add=.&-source=J/ApJ/885/131/refs&Ref=%-11s,[RMB2014] G105.41+09.87,66.11537222222222,325.77700416666664
160,G108.20+00.58,,22 49 31.4775,+59 55 42.006,0.227,0.037,-2.25,0.5,-1.0,0.5,-49,10,http://vizier.u-strasbg.fr/viz-bin/VizieR?-6N&-info=XML&-out.add=.&&lt;&quot;Note&quot;&catid=18850131&notid=4&-out.emph=%-3s,http://vizier.u-strasbg.fr/viz-bin/VizieR-4?-info=XML&-out.add=.&-source=J/ApJ/885/131/refs&Ref=%-11s,[RMB2014] G108.20+00.58,59.928335,342.38115625
161,G108.42+00.89,IRAS22480+600,22 49 58.8760,+60 17 56.650,0.4,0.05,-2.58,0.6,-1.91,0.5,-51,5,http://vizier.u-strasbg.fr/viz-bin/VizieR?-6N&-info=XML&-out.add=.&&lt;&quot;Note&quot;&catid=18850131&notid=4&-out.emph=%-3s,http://vizier.u-strasbg.fr/viz-bin/VizieR-4?-info=XML&-out.add=.&-source=J/ApJ/885/131/refs&Ref=%-11s,[RMB2014] G108.42+00.89,60.299069444444434,342.4953166666667
162,G108.47-02.81,,23 02 32.0800,+56 57 51.400,0.309,0.01,-3.13,0.49,-2.79,0.46,-54,5,http://vizier.u-strasbg.fr/viz-bin/VizieR?-6N&-info=XML&-out.add=.&&lt;&quot;Note&quot;&catid=18850131&notid=4&-out.emph=%-3s,http://vizier.u-strasbg.fr/viz-bin/VizieR-4?-info=XML&-out.add=.&-source=J/ApJ/885/131/refs&Ref=%-11s,[RMB2014] G108.47-02.81,56.96427777777778,345.63366666666667
163,G108.59+00.49,,22 52 38.3150,+60 00 51.888,0.405,0.033,-5.56,0.4,-3.4,0.4,-52,5,http://vizier.u-strasbg.fr/viz-bin/VizieR?-6N&-info=XML&-out.add=.&&lt;&quot;Note&quot;&catid=18850131&notid=4&-out.emph=%-3s,http://vizier.u-strasbg.fr/viz-bin/VizieR-4?-info=XML&-out.add=.&-source=J/ApJ/885/131/refs&Ref=%-11s,[RMB2014] G108.59+00.49,60.01441333333333,343.15964583333334
164,G109.87+02.11,,22 56 18.0559,+62 01 49.562,1.228,0.024,-1.03,1.3,-2.62,1.33,-7,5,http://vizier.u-strasbg.fr/viz-bin/VizieR?-6N&-info=XML&-out.add=.&&lt;&quot;Note&quot;&catid=18850131&notid=4&-out.emph=%-3s,http://vizier.u-strasbg.fr/viz-bin/VizieR-4?-info=XML&-out.add=.&-source=J/ApJ/885/131/refs&Ref=%-11s,[RMB2014] G109.87+02.11,62.03043388888888,344.0752329166667
167,G111.25-00.76,,23 16 10.3420,+59 55 28.596,0.28,0.015,-2.69,0.28,-1.75,0.33,-40,3,http://vizier.u-strasbg.fr/viz-bin/VizieR?-6N&-info=XML&-out.add=.&&lt;&quot;Note&quot;&catid=18850131&notid=4&-out.emph=%-3s,http://vizier.u-strasbg.fr/viz-bin/VizieR-4?-info=XML&-out.add=.&-source=J/ApJ/885/131/refs&Ref=%-11s,[RMB2014] G111.25-00.76,59.924609999999994,349.04309166666667
168,G111.54+00.77,NGC7538,23 13 45.3600,+61 28 10.550,0.378,0.017,-2.45,0.4,-2.44,0.4,-57,5,http://vizier.u-strasbg.fr/viz-bin/VizieR?-6N&-info=XML&-out.add=.&&lt;&quot;Note&quot;&catid=18850131&notid=4&-out.emph=%-3s,http://vizier.u-strasbg.fr/viz-bin/VizieR-4?-info=XML&-out.add=.&-source=J/ApJ/885/131/refs&Ref=%-11s,[RMB2014] G111.54+00.77,61.46959722222221,348.439
169,G115.05-00.04,PZCas,23 44 03.2816,+61 47 22.187,0.356,0.04,-3.7,0.78,-2.0,0.81,-36,5,http://vizier.u-strasbg.fr/viz-bin/VizieR?-6N&-info=XML&-out.add=.&&lt;&quot;Note&quot;&catid=18850131&notid=4&-out.emph=%-3s,http://vizier.u-strasbg.fr/viz-bin/VizieR-4?-info=XML&-out.add=.&-source=J/ApJ/885/131/refs&Ref=%-11s,[RMB2014] G115.05-00.04,61.78949638888889,356.0136733333333
170,G121.29+00.65,L1287,00 36 47.3530,+63 29 02.160,1.077,0.039,-0.86,1.19,-2.29,1.23,-23,5,http://vizier.u-strasbg.fr/viz-bin/VizieR?-6N&-info=XML&-out.add=.&&lt;&quot;Note&quot;&catid=18850131&notid=4&-out.emph=%-3s,http://vizier.u-strasbg.fr/viz-bin/VizieR-4?-info=XML&-out.add=.&-source=J/ApJ/885/131/refs&Ref=%-11s,[RMB2014] G121.29+00.65,63.48393333333334,9.197304166666665
171,G122.01-07.08,IRAS00420+553,00 44 58.3970,+55 46 47.600,0.46,0.02,-3.7,0.5,-1.25,0.5,-50,5,http://vizier.u-strasbg.fr/viz-bin/VizieR?-6N&-info=XML&-out.add=.&&lt;&quot;Note&quot;&catid=18850131&notid=4&-out.emph=%-3s,http://vizier.u-strasbg.fr/viz-bin/VizieR-4?-info=XML&-out.add=.&-source=J/ApJ/885/131/refs&Ref=%-11s,[RMB2014] G122.01-07.08,55.77988888888889,11.243320833333334
172,G123.06-06.30,NGC281,00 52 24.7008,+56 33 50.527,0.355,0.03,-2.79,0.62,-2.14,0.7,-30,5,http://vizier.u-strasbg.fr/viz-bin/VizieR?-6N&-info=XML&-out.add=.&&lt;&quot;Note&quot;&catid=18850131&notid=4&-out.emph=%-3s,http://vizier.u-strasbg.fr/viz-bin/VizieR-4?-info=XML&-out.add=.&-source=J/ApJ/885/131/refs&Ref=%-11s,[RMB2014] G123.06-06.30a,56.564035277777776,13.10292
173,G123.06-06.30,NGC281W,00 52 24.1960,+56 33 43.180,0.421,0.022,-2.69,0.31,-1.77,0.29,-29,3,http://vizier.u-strasbg.fr/viz-bin/VizieR?-6N&-info=XML&-out.add=.&&lt;&quot;Note&quot;&catid=18850131&notid=4&-out.emph=%-3s,http://vizier.u-strasbg.fr/viz-bin/VizieR-4?-info=XML&-out.add=.&-source=J/ApJ/885/131/refs&Ref=%-11s,[RMB2014] G123.06-06.30b,56.56199444444445,13.100816666666665
174,G133.94+01.06,W3OH,02 27 03.8190,+61 52 25.230,0.512,0.01,-1.2,0.32,-0.15,0.32,-47,3,http://vizier.u-strasbg.fr/viz-bin/VizieR?-6N&-info=XML&-out.add=.&&lt;&quot;Note&quot;&catid=18850131&notid=4&-out.emph=%-3s,http://vizier.u-strasbg.fr/viz-bin/VizieR-4?-info=XML&-out.add=.&-source=J/ApJ/885/131/refs&Ref=%-11s,[RMB2014] G133.94+01.06,61.873675,36.765912500000006
175,G134.62-02.19,SPer,02 22 51.7106,+58 35 11.444,0.413,0.017,-0.49,0.5,-1.19,0.48,-39,5,http://vizier.u-strasbg.fr/viz-bin/VizieR?-6N&-info=XML&-out.add=.&&lt;&quot;Note&quot;&catid=18850131&notid=4&-out.emph=%-3s,http://vizier.u-strasbg.fr/viz-bin/VizieR-4?-info=XML&-out.add=.&-source=J/ApJ/885/131/refs&Ref=%-11s,[RMB2014] G134.62-02.19,58.58651222222223,35.71546083333334
187,G188.94+00.88,S252,06 08 53.3441,+21 38 29.099,0.476,0.006,-0.32,0.49,-1.94,0.49,8,5,http://vizier.u-strasbg.fr/viz-bin/VizieR?-6N&-info=XML&-out.add=.&&lt;&quot;Note&quot;&catid=18850131&notid=4&-out.emph=%-3s,http://vizier.u-strasbg.fr/viz-bin/VizieR-4?-info=XML&-out.add=.&-source=J/ApJ/885/131/refs&Ref=%-11s,[RMB2014] G188.94+00.88,21.64141638888889,92.22226708333334
189,G192.60-00.04,S255,06 12 54.0100,+17 59 23.200,0.601,0.039,-0.18,0.6,-0.43,0.6,7,5,http://vizier.u-strasbg.fr/viz-bin/VizieR?-6N&-info=XML&-out.add=.&&lt;&quot;Note&quot;&catid=18850131&notid=4&-out.emph=%-3s,http://vizier.u-strasbg.fr/viz-bin/VizieR-4?-info=XML&-out.add=.&-source=J/ApJ/885/131/refs&Ref=%-11s,[RMB2014] G192.60-00.04,17.98977777777778,93.22504166666667
197,G236.81+01.98,,07 44 28.2367,-20 08 30.606,0.326,0.026,-2.49,0.43,2.67,0.41,53,10,http://vizier.u-strasbg.fr/viz-bin/VizieR?-6N&-info=XML&-out.add=.&&lt;&quot;Note&quot;&catid=18850131&notid=4&-out.emph=%-3s,http://vizier.u-strasbg.fr/viz-bin/VizieR-4?-info=XML&-out.add=.&-source=J/ApJ/885/131/refs&Ref=%-11s,[RMB2014] G236.81+01.98,-20.141835,116.11765291666669
199,G240.31+00.07,,07 44 51.9676,-24 07 41.372,0.187,0.014,-1.55,0.5,2.57,0.3,68,5,http://vizier.u-strasbg.fr/viz-bin/VizieR?-6N&-info=XML&-out.add=.&&lt;&quot;Note&quot;&catid=18850131&notid=4&-out.emph=%-3s,http://vizier.u-strasbg.fr/viz-bin/VizieR-4?-info=XML&-out.add=.&-source=J/ApJ/885/131/refs&Ref=%-11s,[RMB2014] G240.31+00.07,-24.12815888888889,116.21653166666667
